-- public.grupo_partida definition

-- Drop table

-- DROP TABLE public.grupo_partida;

CREATE TABLE public.grupo_partida (
	id int4 NOT NULL GENERATED BY DEFAULT AS IDENTITY,
	atual bool NULL,
	CONSTRAINT grupo_partida_pkey PRIMARY KEY (id)
);


-- public.jogador definition

-- Drop table

-- DROP TABLE public.jogador;

CREATE TABLE public.jogador (
	id int4 NOT NULL DEFAULT nextval('jogador_seq'::regclass),
	nome varchar(50) NOT NULL,
	CONSTRAINT jogador_pkey PRIMARY KEY (id)
);


-- public.jogo definition

-- Drop table

-- DROP TABLE public.jogo;

CREATE TABLE public.jogo (
	id int4 NOT NULL,
	qtd_jogadores int4 NOT NULL,
	CONSTRAINT jogo_pkey PRIMARY KEY (id)
);


-- public.personagem definition

-- Drop table

-- DROP TABLE public.personagem;

CREATE TABLE public.personagem (
	id int4 NOT NULL GENERATED BY DEFAULT AS IDENTITY,
	descricao varchar(50) NOT NULL,
	ids_info varchar(100) NULL,
	info varchar(50) NULL,
	CONSTRAINT personagem_pkey PRIMARY KEY (id)
);


-- public.jogo_personagem definition

-- Drop table

-- DROP TABLE public.jogo_personagem;

CREATE TABLE public.jogo_personagem (
	id_jogo int4 NOT NULL,
	id_personagem int4 NOT NULL,
	qtd_personagem int4 NOT NULL,
	tipo_jogo int4 NOT NULL,
	id int4 NOT NULL DEFAULT nextval('jogo_personagem_seq'::regclass),
	CONSTRAINT jogo_personagem_pk PRIMARY KEY (id),
	CONSTRAINT jogo_personagem_un UNIQUE (id_jogo, tipo_jogo, id_personagem),
	CONSTRAINT fk8fu4cyp4whu1agqconwjggyas FOREIGN KEY (id_personagem) REFERENCES public.personagem(id),
	CONSTRAINT fkndke5istycuu89fmxa8cjc1c0 FOREIGN KEY (id_jogo) REFERENCES public.jogo(id)
);


-- public.partida definition

-- Drop table

-- DROP TABLE public.partida;

CREATE TABLE public.partida (
	id int4 NOT NULL GENERATED BY DEFAULT AS IDENTITY,
	atual bool NULL,
	espioes bool NULL,
	resistencia bool NULL,
	id_grupo int4 NULL,
	id_jogo int4 NOT NULL,
	CONSTRAINT partida_pkey PRIMARY KEY (id),
	CONSTRAINT fkilinggtfsf1jo2ver140wp8i5 FOREIGN KEY (id_jogo) REFERENCES public.jogo(id),
	CONSTRAINT fkpnh13of63eh7ng4rque2gs7ar FOREIGN KEY (id_grupo) REFERENCES public.grupo_partida(id)
);


-- public.partida_jogador definition

-- Drop table

-- DROP TABLE public.partida_jogador;

CREATE TABLE public.partida_jogador (
	id_jogador int4 NOT NULL,
	id_partida int4 NOT NULL,
	id_personagem int4 NOT NULL,
	CONSTRAINT partida_jogador_pkey PRIMARY KEY (id_jogador, id_partida),
	CONSTRAINT fkbi9dsrougbxh00tc6fx14yemr FOREIGN KEY (id_partida) REFERENCES public.partida(id),
	CONSTRAINT fki7ynwswuca98fgvckxtama0ac FOREIGN KEY (id_personagem) REFERENCES public.personagem(id),
	CONSTRAINT fkkm2yxc5as3verfqi9f8x7410f FOREIGN KEY (id_jogador) REFERENCES public.jogador(id)
);

INSERT INTO public.grupo_partida (atual) VALUES
	 (false),
	 (false),
	 (false);
INSERT INTO public.jogador (nome) VALUES
	 ('Victor'),
	 ('Pedro'),
	 ('Maurinho'),
	 ('Glenda'),
	 ('MV'),
	 ('Gabriel'),
	 ('Joanderson'),
	 ('Maria');
INSERT INTO public.jogo (id,qtd_jogadores) VALUES
	 (1,5),
	 (2,6),
	 (3,7),
	 (4,8),
	 (5,9),
	 (6,10);
INSERT INTO public.jogo_personagem (id_jogo,id_personagem,qtd_personagem,tipo_jogo) VALUES
	 (1,1,2,2),
	 (1,3,1,2),
	 (1,2,2,2),
	 (1,1,1,3),
	 (1,3,1,3),
	 (1,5,1,3),
	 (1,4,1,3),
	 (1,2,1,3),
	 (1,1,1,4),
	 (1,3,1,4);
INSERT INTO public.jogo_personagem (id_jogo,id_personagem,qtd_personagem,tipo_jogo) VALUES
	 (1,5,1,4),
	 (1,4,1,4),
	 (1,6,1,4),
	 (1,1,1,5),
	 (1,3,1,5),
	 (1,5,1,5),
	 (1,4,1,5),
	 (1,7,1,5),
	 (2,1,4,1),
	 (2,2,2,1);
INSERT INTO public.jogo_personagem (id_jogo,id_personagem,qtd_personagem,tipo_jogo) VALUES
	 (2,1,3,2),
	 (2,3,1,2),
	 (2,2,2,2),
	 (2,1,2,3),
	 (2,3,1,3),
	 (2,5,1,3),
	 (2,4,1,3),
	 (2,2,1,3),
	 (2,1,2,4),
	 (2,3,1,4);
INSERT INTO public.jogo_personagem (id_jogo,id_personagem,qtd_personagem,tipo_jogo) VALUES
	 (2,5,1,4),
	 (2,4,1,4),
	 (2,6,1,4),
	 (2,1,2,5),
	 (2,3,1,5),
	 (2,5,1,5),
	 (2,4,1,5),
	 (2,7,1,5),
	 (3,1,4,1),
	 (3,2,3,1);
INSERT INTO public.jogo_personagem (id_jogo,id_personagem,qtd_personagem,tipo_jogo) VALUES
	 (3,1,3,2),
	 (3,3,1,2),
	 (3,2,3,2),
	 (3,1,2,3),
	 (3,3,1,3),
	 (3,5,1,3),
	 (3,4,1,3),
	 (3,2,2,3),
	 (3,1,2,4),
	 (3,3,1,4);
INSERT INTO public.jogo_personagem (id_jogo,id_personagem,qtd_personagem,tipo_jogo) VALUES
	 (3,5,1,4),
	 (3,4,1,4),
	 (3,6,1,4),
	 (3,2,1,4),
	 (3,1,2,5),
	 (3,3,1,5),
	 (3,5,1,5),
	 (3,4,1,5),
	 (3,7,1,5),
	 (3,2,1,5);
INSERT INTO public.jogo_personagem (id_jogo,id_personagem,qtd_personagem,tipo_jogo) VALUES
	 (4,1,5,1),
	 (4,2,3,1),
	 (4,1,4,2),
	 (4,3,1,2),
	 (4,2,3,2),
	 (4,1,3,3),
	 (4,3,1,3),
	 (4,5,1,3),
	 (4,4,1,3),
	 (4,2,2,3);
INSERT INTO public.jogo_personagem (id_jogo,id_personagem,qtd_personagem,tipo_jogo) VALUES
	 (4,1,3,4),
	 (4,3,1,4),
	 (4,5,1,4),
	 (4,4,1,4),
	 (4,6,1,4),
	 (4,2,1,4),
	 (4,1,3,5),
	 (4,3,1,5),
	 (4,5,1,5),
	 (4,4,1,5);
INSERT INTO public.jogo_personagem (id_jogo,id_personagem,qtd_personagem,tipo_jogo) VALUES
	 (4,7,1,5),
	 (4,2,1,5),
	 (5,1,5,1),
	 (5,2,4,1),
	 (5,1,4,2),
	 (5,3,1,2),
	 (5,2,4,2),
	 (5,1,3,3),
	 (5,3,1,3),
	 (5,5,1,3);
INSERT INTO public.jogo_personagem (id_jogo,id_personagem,qtd_personagem,tipo_jogo) VALUES
	 (5,4,1,3),
	 (5,2,3,3),
	 (5,1,3,4),
	 (5,3,1,4),
	 (5,5,1,4),
	 (5,4,1,4),
	 (5,6,1,4),
	 (5,2,2,4),
	 (5,1,3,5),
	 (5,3,1,5);
INSERT INTO public.jogo_personagem (id_jogo,id_personagem,qtd_personagem,tipo_jogo) VALUES
	 (5,5,1,5),
	 (5,4,1,5),
	 (5,7,1,5),
	 (5,2,2,5),
	 (1,1,3,1),
	 (1,2,2,1);
INSERT INTO public.partida (atual,espioes,resistencia,id_grupo,id_jogo) VALUES
	 (false,false,true,3,1),
	 (false,NULL,true,8,1),
	 (false,true,NULL,8,1),
	 (false,false,true,8,1),
	 (false,true,NULL,8,1),
	 (false,true,NULL,8,1),
	 (false,true,NULL,8,1),
	 (false,NULL,true,8,1),
	 (false,true,NULL,8,1),
	 (false,NULL,true,8,1);
INSERT INTO public.partida (atual,espioes,resistencia,id_grupo,id_jogo) VALUES
	 (false,NULL,true,8,1),
	 (false,true,NULL,8,1),
	 (false,true,NULL,8,1),
	 (false,NULL,NULL,8,4),
	 (false,NULL,NULL,9,1);
INSERT INTO public.partida_jogador (id_jogador,id_partida,id_personagem) VALUES
	 (14,3,1),
	 (9,3,1),
	 (11,3,1),
	 (13,3,2),
	 (10,3,2),
	 (10,8,2),
	 (14,8,2),
	 (11,8,1),
	 (9,8,1),
	 (13,8,1);
INSERT INTO public.partida_jogador (id_jogador,id_partida,id_personagem) VALUES
	 (9,9,1),
	 (10,9,1),
	 (13,9,1),
	 (14,9,2),
	 (11,9,2),
	 (13,10,2),
	 (10,10,2),
	 (11,10,1),
	 (14,10,1),
	 (9,10,1);
INSERT INTO public.partida_jogador (id_jogador,id_partida,id_personagem) VALUES
	 (11,11,2),
	 (10,11,2),
	 (13,11,1),
	 (14,11,1),
	 (9,11,1),
	 (9,12,2),
	 (14,12,2),
	 (16,12,1),
	 (11,12,1),
	 (10,12,1);
INSERT INTO public.partida_jogador (id_jogador,id_partida,id_personagem) VALUES
	 (10,13,2),
	 (14,13,2),
	 (11,13,1),
	 (9,13,1),
	 (16,13,1),
	 (10,14,1),
	 (14,14,1),
	 (16,14,1),
	 (9,14,2),
	 (11,14,2);
INSERT INTO public.partida_jogador (id_jogador,id_partida,id_personagem) VALUES
	 (13,15,2),
	 (14,15,2),
	 (11,15,1),
	 (16,15,1),
	 (10,15,1),
	 (11,16,2),
	 (16,16,2),
	 (10,16,1),
	 (14,16,1),
	 (9,16,1);
INSERT INTO public.partida_jogador (id_jogador,id_partida,id_personagem) VALUES
	 (10,17,3),
	 (9,17,4),
	 (16,17,6),
	 (11,17,1),
	 (14,17,5),
	 (16,18,2),
	 (11,18,2),
	 (10,18,1),
	 (9,18,1),
	 (14,18,1);
INSERT INTO public.partida_jogador (id_jogador,id_partida,id_personagem) VALUES
	 (16,19,5),
	 (14,19,3),
	 (11,19,7),
	 (10,19,4),
	 (9,19,1),
	 (9,20,5),
	 (8,20,3),
	 (13,20,2),
	 (14,20,4),
	 (16,20,1);
INSERT INTO public.partida_jogador (id_jogador,id_partida,id_personagem) VALUES
	 (10,20,1),
	 (11,20,1),
	 (12,20,6),
	 (14,21,1),
	 (11,21,1),
	 (16,21,2),
	 (10,21,2),
	 (9,21,3);
INSERT INTO public.personagem (descricao,ids_info,info) VALUES
	 ('ESPIAO','2,5,6,7','Espiões'),
	 ('GUARDA_COSTAS','3','Comadante'),
	 ('FALSO_COMANDANTE','2,5,6,7','Espiões'),
	 ('ASSASSINO','2,5,6,7','Espiões'),
	 ('AGENTE_INVISIVEL','2,5,6,7','Espiões'),
	 ('COMANDANTE','2,5,6','Espiões'),
	 ('RESISTENCIA',NULL,'');
